{ "backgroundcolor":"#4c1f00",
 "height":10,
 "layers":[
        {
         "data":[401, 402, 402, 402, 402, 402, 402, 402, 402, 403, 417, 418, 418, 418, 418, 418, 418, 418, 418, 419, 433, 434, 434, 434, 434, 434, 434, 434, 434, 435, 709, 709, 709, 709, 709, 709, 709, 709, 710, 709, 709, 710, 709, 709, 710, 710, 710, 725, 709, 710, 709, 709, 725, 709, 709, 710, 710, 710, 710, 710, 725, 725, 726, 725, 709, 709, 710, 726, 726, 726, 725, 709, 710, 710, 725, 725, 709, 709, 710, 725, 709, 725, 709, 709, 709, 709, 725, 725, 726, 725, 709, 709, 725, 725, 725, 725, 725, 725, 725, 725],
         "height":10,
         "name":"Ground (0) (hinter Items)",
         "opacity":1,
         "type":"tilelayer",
         "visible":true,
         "width":10,
         "x":0,
         "y":0
        }, 
        {
         "data":[0, 0, 0, 0, 0, 0, 0, 0, 0, 0, 0, 0, 0, 0, 0, 0, 0, 0, 0, 0, 0, 0, 0, 0, 0, 0, 0, 0, 0, 0, 0, 0, 0, 0, 0, 0, 0, 0, 0, 0, 0, 0, 0, 0, 0, 0, 0, 0, 0, 0, 0, 0, 0, 0, 0, 0, 0, 0, 0, 0, 0, 0, 0, 0, 0, 0, 0, 0, 0, 0, 0, 0, 0, 0, 0, 0, 0, 0, 0, 489, 0, 0, 0, 0, 0, 0, 0, 0, 0, 505, 0, 0, 0, 0, 0, 0, 0, 0, 0, 474],
         "height":10,
         "name":"Ground Items (1) (hinter Items)",
         "opacity":1,
         "type":"tilelayer",
         "visible":true,
         "width":10,
         "x":0,
         "y":0
        }, 
        {
         "data":[0, 0, 0, 0, 0, 0, 0, 0, 0, 0, 0, 0, 0, 0, 0, 0, 0, 0, 0, 0, 0, 490, 490, 0, 0, 0, 0, 0, 490, 490, 490, 506, 506, 0, 0, 0, 0, 0, 506, 506, 506, 0, 0, 0, 454, 455, 0, 0, 0, 0, 0, 0, 0, 0, 470, 471, 0, 0, 0, 0, 0, 0, 0, 0, 0, 0, 0, 0, 0, 0, 0, 0, 0, 0, 0, 0, 0, 0, 0, 0, 0, 0, 0, 0, 0, 0, 0, 0, 0, 0, 0, 0, 0, 0, 0, 0, 0, 0, 0, 0],
         "height":10,
         "name":"Buildings (2) (hinter Items)",
         "opacity":1,
         "type":"tilelayer",
         "visible":true,
         "width":10,
         "x":0,
         "y":0
        }, 
        {
         "data":[0, 0, 0, 0, 0, 0, 0, 0, 0, 0, 0, 0, 0, 0, 0, 0, 0, 0, 0, 0, 0, 0, 0, 0, 0, 0, 0, 0, 0, 0, 0, 0, 0, 0, 0, 0, 0, 0, 0, 0, 0, 0, 0, 0, 0, 0, 0, 0, 0, 0, 0, 0, 0, 0, 0, 0, 0, 0, 0, 0, 0, 0, 0, 0, 0, 0, 0, 0, 0, 0, 0, 0, 0, 0, 0, 0, 0, 0, 0, 0, 0, 0, 0, 0, 0, 0, 0, 0, 0, 0, 0, 0, 0, 0, 0, 0, 0, 0, 0, 0],
         "height":10,
         "name":"Building Items (3) (hinter Items)",
         "opacity":1,
         "type":"tilelayer",
         "visible":true,
         "width":10,
         "x":0,
         "y":0
        }, 
        {
         "data":[0, 0, 0, 0, 0, 0, 0, 0, 0, 0, 0, 0, 0, 0, 0, 0, 0, 0, 0, 0, 0, 0, 0, 0, 0, 0, 0, 0, 0, 0, 0, 0, 0, 0, 0, 0, 0, 0, 0, 0, 0, 0, 0, 0, 0, 0, 0, 0, 0, 0, 0, 0, 0, 0, 0, 0, 0, 0, 0, 0, 0, 0, 0, 0, 0, 0, 0, 0, 0, 0, 0, 0, 0, 0, 0, 0, 0, 0, 0, 0, 0, 0, 0, 0, 0, 0, 0, 0, 0, 0, 0, 0, 0, 0, 0, 0, 0, 0, 0, 0],
         "height":10,
         "name":"Items (4)",
         "opacity":1,
         "type":"tilelayer",
         "visible":true,
         "width":10,
         "x":0,
         "y":0
        }, 
        {
         "data":[0, 0, 0, 0, 0, 0, 0, 0, 0, 0, 0, 0, 0, 0, 0, 0, 0, 0, 0, 0, 0, 0, 0, 0, 0, 0, 0, 0, 0, 0, 0, 0, 0, 0, 0, 0, 0, 0, 0, 0, 0, 0, 0, 0, 0, 0, 0, 0, 0, 0, 0, 0, 0, 0, 0, 0, 0, 0, 0, 0, 0, 0, 0, 0, 0, 0, 0, 0, 0, 0, 0, 0, 0, 0, 0, 0, 0, 0, 0, 0, 0, 0, 0, 0, 0, 0, 0, 0, 0, 0, 0, 0, 0, 0, 0, 0, 0, 0, 0, 0],
         "height":10,
         "name":"Ground Overlay (5) (vor Items)",
         "opacity":1,
         "type":"tilelayer",
         "visible":true,
         "width":10,
         "x":0,
         "y":0
        }, 
        {
         "data":[0, 0, 0, 0, 0, 0, 0, 0, 0, 0, 0, 0, 0, 0, 0, 0, 0, 0, 0, 0, 0, 0, 0, 0, 0, 0, 0, 0, 0, 0, 0, 490, 0, 0, 0, 0, 0, 0, 0, 0, 0, 506, 0, 0, 0, 0, 0, 0, 0, 0, 0, 0, 0, 0, 0, 0, 0, 0, 0, 0, 0, 0, 0, 0, 0, 0, 0, 0, 0, 0, 0, 0, 0, 0, 0, 0, 0, 0, 0, 0, 0, 0, 0, 0, 0, 0, 0, 0, 0, 0, 0, 0, 0, 0, 0, 0, 0, 0, 0, 0],
         "height":10,
         "name":"Buildings Overlay (6) (vor Items)",
         "opacity":1,
         "type":"tilelayer",
         "visible":true,
         "width":10,
         "x":0,
         "y":0
        }, 
        {
         "draworder":"topdown",
         "height":10,
         "name":"Objects",
         "objects":[
                {
                 "height":32,
                 "id":10,
                 "name":"town",
                 "properties":
                    {

                    },
                 "rotation":0,
                 "type":"Portal",
                 "visible":true,
                 "width":288,
                 "x":0,
                 "y":288
                }, 
                {
                 "height":0,
                 "id":11,
                 "name":"coin",
                 "properties":
                    {

                    },
                 "rotation":0,
                 "type":"Item",
                 "visible":true,
                 "width":0,
                 "x":32,
                 "y":192
                }],
         "opacity":1,
         "type":"objectgroup",
         "visible":true,
         "width":10,
         "x":0,
         "y":0
        }],
 "nextobjectid":12,
 "orientation":"orthogonal",
 "properties":
    {
     "Song":"house"
    },
 "renderorder":"left-down",
 "tileheight":32,
 "tilesets":[
        {
         "firstgid":1,
         "image":"landscape.png",
         "imageheight":512,
         "imagewidth":512,
         "margin":0,
         "name":"landscape",
         "properties":
            {

            },
         "spacing":0,
         "terrains":[
                {
                 "name":"Stone Way 1",
                 "tile":-1
                }, 
                {
                 "name":"Stone Way 2",
                 "tile":-1
                }, 
                {
                 "name":"Grass",
                 "tile":-1
                }, 
                {
                 "name":"Cobble light",
                 "tile":-1
                }, 
                {
                 "name":"Cobble dark",
                 "tile":-1
                }, 
                {
                 "name":"High Grass",
                 "tile":-1
                }],
         "tilecount":256,
         "tileheight":32,
         "tileproperties":
            {
             "0":
                {
                 "Block":"true"
                },
             "1":
                {
                 "Block":"true"
                },
             "10":
                {
                 "Block":"false"
                },
             "100":
                {
                 "Block":"true"
                },
             "101":
                {
                 "Block":"true"
                },
             "102":
                {
                 "Block":"true"
                },
             "103":
                {
                 "Block":"true"
                },
             "104":
                {
                 "Block":"true"
                },
             "105":
                {
                 "Block":"true"
                },
             "106":
                {
                 "Block":"true"
                },
             "107":
                {
                 "Block":"false"
                },
             "108":
                {
                 "Block":"false"
                },
             "109":
                {
                 "Block":"false"
                },
             "11":
                {
                 "Block":"false"
                },
             "110":
                {
                 "Block":"false"
                },
             "111":
                {
                 "Block":"false"
                },
             "112":
                {
                 "Block":"true"
                },
             "113":
                {
                 "Block":"true"
                },
             "114":
                {
                 "Block":"true"
                },
             "115":
                {
                 "Block":"true"
                },
             "116":
                {
                 "Block":"true"
                },
             "117":
                {
                 "Block":"true"
                },
             "118":
                {
                 "Block":"true"
                },
             "119":
                {
                 "Block":"true"
                },
             "12":
                {
                 "Block":"false"
                },
             "120":
                {
                 "Block":"false"
                },
             "121":
                {
                 "Block":"false"
                },
             "122":
                {
                 "Block":"false"
                },
             "123":
                {
                 "Block":"false"
                },
             "124":
                {
                 "Block":"false"
                },
             "125":
                {
                 "Block":"false"
                },
             "126":
                {
                 "Block":"false"
                },
             "127":
                {
                 "Block":"false"
                },
             "128":
                {
                 "Block":"true"
                },
             "129":
                {
                 "Block":"false"
                },
             "13":
                {
                 "Block":"false"
                },
             "130":
                {
                 "Block":"false"
                },
             "131":
                {
                 "Block":"true"
                },
             "132":
                {
                 "Block":"true"
                },
             "133":
                {
                 "Block":"true"
                },
             "134":
                {
                 "Block":"true"
                },
             "135":
                {
                 "Block":"true"
                },
             "136":
                {
                 "Block":"false"
                },
             "137":
                {
                 "Block":"false"
                },
             "138":
                {
                 "Block":"false"
                },
             "139":
                {
                 "Block":"false"
                },
             "14":
                {
                 "Block":"false"
                },
             "140":
                {
                 "Block":"false"
                },
             "141":
                {
                 "Block":"false"
                },
             "142":
                {
                 "Block":"false"
                },
             "143":
                {
                 "Block":"false"
                },
             "144":
                {
                 "Block":"true"
                },
             "145":
                {
                 "Block":"false"
                },
             "146":
                {
                 "Block":"false"
                },
             "147":
                {
                 "Block":"true"
                },
             "148":
                {
                 "Block":"true"
                },
             "149":
                {
                 "Block":"true"
                },
             "15":
                {
                 "Block":"false"
                },
             "150":
                {
                 "Block":"true"
                },
             "151":
                {
                 "Block":"false"
                },
             "152":
                {
                 "Block":"false"
                },
             "153":
                {
                 "Block":"false"
                },
             "154":
                {
                 "Block":"false"
                },
             "155":
                {
                 "Block":"false"
                },
             "156":
                {
                 "Block":"false"
                },
             "157":
                {
                 "Block":"false"
                },
             "158":
                {
                 "Block":"false"
                },
             "159":
                {
                 "Block":"false"
                },
             "16":
                {
                 "Block":"true"
                },
             "160":
                {
                 "Block":"true"
                },
             "161":
                {
                 "Block":"false"
                },
             "162":
                {
                 "Block":"false"
                },
             "163":
                {
                 "Block":"true"
                },
             "164":
                {
                 "Block":"true"
                },
             "165":
                {
                 "Block":"true"
                },
             "166":
                {
                 "Block":"true"
                },
             "167":
                {
                 "Block":"false"
                },
             "168":
                {
                 "Block":"false"
                },
             "169":
                {
                 "Block":"false"
                },
             "17":
                {
                 "Block":"true"
                },
             "170":
                {
                 "Block":"false"
                },
             "171":
                {
                 "Block":"false"
                },
             "172":
                {
                 "Block":"false"
                },
             "173":
                {
                 "Block":"false"
                },
             "174":
                {
                 "Block":"true"
                },
             "175":
                {
                 "Block":"true"
                },
             "176":
                {
                 "Block":"true"
                },
             "177":
                {
                 "Block":"true"
                },
             "178":
                {
                 "Block":"true"
                },
             "179":
                {
                 "Block":"true"
                },
             "18":
                {
                 "Block":"true"
                },
             "180":
                {
                 "Block":"true"
                },
             "181":
                {
                 "Block":"true"
                },
             "182":
                {
                 "Block":"true"
                },
             "183":
                {
                 "Block":"false"
                },
             "184":
                {
                 "Block":"false"
                },
             "185":
                {
                 "Block":"false"
                },
             "186":
                {
                 "Block":"false"
                },
             "187":
                {
                 "Block":"false"
                },
             "188":
                {
                 "Block":"false"
                },
             "189":
                {
                 "Block":"false"
                },
             "19":
                {
                 "Block":"true"
                },
             "190":
                {
                 "Block":"true"
                },
             "191":
                {
                 "Block":"true"
                },
             "192":
                {
                 "Block":"true"
                },
             "193":
                {
                 "Block":"true"
                },
             "194":
                {
                 "Block":"true"
                },
             "195":
                {
                 "Block":"true"
                },
             "196":
                {
                 "Block":"false"
                },
             "197":
                {
                 "Block":"false"
                },
             "198":
                {
                 "Block":"false"
                },
             "199":
                {
                 "Block":"false"
                },
             "2":
                {
                 "Block":"true"
                },
             "20":
                {
                 "Block":"true"
                },
             "200":
                {
                 "Block":"false"
                },
             "201":
                {
                 "Block":"false"
                },
             "202":
                {
                 "Block":"false"
                },
             "203":
                {
                 "Block":"true"
                },
             "204":
                {
                 "Block":"true"
                },
             "205":
                {
                 "Block":"true"
                },
             "206":
                {
                 "Block":"true"
                },
             "207":
                {
                 "Block":"true"
                },
             "208":
                {
                 "Block":"true"
                },
             "209":
                {
                 "Block":"true"
                },
             "21":
                {
                 "Block":"true"
                },
             "210":
                {
                 "Block":"true"
                },
             "211":
                {
                 "Block":"true"
                },
             "212":
                {
                 "Block":"false"
                },
             "213":
                {
                 "Block":"false"
                },
             "214":
                {
                 "Block":"false"
                },
             "215":
                {
                 "Block":"false"
                },
             "216":
                {
                 "Block":"false"
                },
             "217":
                {
                 "Block":"false"
                },
             "218":
                {
                 "Block":"false"
                },
             "219":
                {
                 "Block":"true"
                },
             "22":
                {
                 "Block":"true"
                },
             "220":
                {
                 "Block":"true"
                },
             "221":
                {
                 "Block":"true"
                },
             "222":
                {
                 "Block":"true"
                },
             "223":
                {
                 "Block":"true"
                },
             "224":
                {
                 "Block":"true"
                },
             "225":
                {
                 "Block":"true"
                },
             "226":
                {
                 "Block":"true"
                },
             "227":
                {
                 "Block":"true"
                },
             "228":
                {
                 "Block":"true"
                },
             "229":
                {
                 "Block":"true"
                },
             "23":
                {
                 "Block":"true"
                },
             "230":
                {
                 "Block":"true"
                },
             "231":
                {
                 "Block":"true"
                },
             "232":
                {
                 "Block":"true"
                },
             "233":
                {
                 "Block":"true"
                },
             "234":
                {
                 "Block":"true"
                },
             "235":
                {
                 "Block":"true"
                },
             "236":
                {
                 "Block":"true"
                },
             "237":
                {
                 "Block":"true"
                },
             "238":
                {
                 "Block":"true"
                },
             "239":
                {
                 "Block":"true"
                },
             "24":
                {
                 "Block":"true"
                },
             "240":
                {
                 "Block":"true"
                },
             "241":
                {
                 "Block":"true"
                },
             "242":
                {
                 "Block":"true"
                },
             "243":
                {
                 "Block":"true"
                },
             "244":
                {
                 "Block":"true"
                },
             "245":
                {
                 "Block":"true"
                },
             "246":
                {
                 "Block":"true"
                },
             "247":
                {
                 "Block":"true"
                },
             "248":
                {
                 "Block":"true"
                },
             "249":
                {
                 "Block":"true"
                },
             "25":
                {
                 "Block":"true"
                },
             "250":
                {
                 "Block":"true"
                },
             "251":
                {
                 "Block":"true"
                },
             "252":
                {
                 "Block":"true"
                },
             "253":
                {
                 "Block":"true"
                },
             "254":
                {
                 "Block":"true"
                },
             "255":
                {
                 "Block":"true"
                },
             "26":
                {
                 "Block":"false"
                },
             "27":
                {
                 "Block":"false"
                },
             "28":
                {
                 "Block":"false"
                },
             "29":
                {
                 "Block":"false"
                },
             "3":
                {
                 "Block":"true"
                },
             "30":
                {
                 "Block":"false"
                },
             "31":
                {
                 "Block":"false"
                },
             "32":
                {
                 "Block":"true"
                },
             "33":
                {
                 "Block":"true"
                },
             "34":
                {
                 "Block":"false"
                },
             "35":
                {
                 "Block":"false"
                },
             "36":
                {
                 "Block":"true"
                },
             "37":
                {
                 "Block":"true"
                },
             "38":
                {
                 "Block":"true"
                },
             "39":
                {
                 "Block":"false"
                },
             "4":
                {
                 "Block":"true"
                },
             "40":
                {
                 "Block":"false"
                },
             "41":
                {
                 "Block":"true"
                },
             "42":
                {
                 "Block":"false"
                },
             "43":
                {
                 "Block":"false"
                },
             "44":
                {
                 "Block":"false"
                },
             "45":
                {
                 "Block":"false"
                },
             "46":
                {
                 "Block":"false"
                },
             "47":
                {
                 "Block":"false"
                },
             "48":
                {
                 "Block":"true"
                },
             "49":
                {
                 "Block":"true"
                },
             "5":
                {
                 "Block":"true"
                },
             "50":
                {
                 "Block":"false"
                },
             "51":
                {
                 "Block":"false"
                },
             "52":
                {
                 "Block":"true"
                },
             "53":
                {
                 "Block":"true"
                },
             "54":
                {
                 "Block":"true"
                },
             "55":
                {
                 "Block":"false"
                },
             "56":
                {
                 "Block":"false"
                },
             "57":
                {
                 "Block":"true"
                },
             "58":
                {
                 "Block":"false"
                },
             "59":
                {
                 "Block":"false"
                },
             "6":
                {
                 "Block":"true"
                },
             "60":
                {
                 "Block":"false"
                },
             "61":
                {
                 "Block":"false"
                },
             "62":
                {
                 "Block":"false"
                },
             "63":
                {
                 "Block":"false"
                },
             "64":
                {
                 "Block":"true"
                },
             "65":
                {
                 "Block":"true"
                },
             "66":
                {
                 "Block":"true"
                },
             "67":
                {
                 "Block":"true"
                },
             "68":
                {
                 "Block":"true"
                },
             "69":
                {
                 "Block":"true"
                },
             "7":
                {
                 "Block":"true"
                },
             "70":
                {
                 "Block":"true"
                },
             "71":
                {
                 "Block":"true"
                },
             "72":
                {
                 "Block":"true"
                },
             "73":
                {
                 "Block":"true"
                },
             "74":
                {
                 "Block":"false"
                },
             "75":
                {
                 "Block":"false"
                },
             "76":
                {
                 "Block":"false"
                },
             "77":
                {
                 "Block":"false"
                },
             "78":
                {
                 "Block":"false"
                },
             "79":
                {
                 "Block":"false"
                },
             "8":
                {
                 "Block":"true"
                },
             "80":
                {
                 "Block":"true"
                },
             "81":
                {
                 "Block":"true"
                },
             "82":
                {
                 "Block":"true"
                },
             "83":
                {
                 "Block":"true"
                },
             "84":
                {
                 "Block":"true"
                },
             "85":
                {
                 "Block":"true"
                },
             "86":
                {
                 "Block":"true"
                },
             "87":
                {
                 "Block":"true"
                },
             "88":
                {
                 "Block":"true"
                },
             "89":
                {
                 "Block":"true"
                },
             "9":
                {
                 "Block":"true"
                },
             "90":
                {
                 "Block":"true"
                },
             "91":
                {
                 "Block":"false"
                },
             "92":
                {
                 "Block":"false"
                },
             "93":
                {
                 "Block":"false"
                },
             "94":
                {
                 "Block":"false"
                },
             "95":
                {
                 "Block":"false"
                },
             "96":
                {
                 "Block":"true"
                },
             "97":
                {
                 "Block":"true"
                },
             "98":
                {
                 "Block":"true"
                },
             "99":
                {
                 "Block":"true"
                }
            },
         "tiles":
            {
             "10":
                {
                 "terrain":[3, 3, 3, 3]
                },
             "106":
                {
                 "terrain":[5, -1, -1, 5]
                },
             "107":
                {
                 "terrain":[3, 3, 3, 0]
                },
             "108":
                {
                 "terrain":[3, 3, 0, 0]
                },
             "109":
                {
                 "terrain":[3, 3, 0, 3]
                },
             "11":
                {
                 "terrain":[2, 2, 2, 3]
                },
             "110":
                {
                 "terrain":[2, 3, 3, 3]
                },
             "111":
                {
                 "terrain":[3, 2, 3, 3]
                },
             "118":
                {
                 "terrain":[-1, 5, 5, 5]
                },
             "119":
                {
                 "terrain":[5, -1, 5, 5]
                },
             "12":
                {
                 "terrain":[2, 2, 3, 3]
                },
             "120":
                {
                 "terrain":[3, 3, 3, 4]
                },
             "121":
                {
                 "terrain":[3, 3, 4, 4]
                },
             "122":
                {
                 "terrain":[3, 3, 4, 3]
                },
             "123":
                {
                 "terrain":[3, 0, 3, 0]
                },
             "124":
                {
                 "terrain":[0, 0, 0, 0]
                },
             "125":
                {
                 "terrain":[0, 3, 0, 3]
                },
             "126":
                {
                 "terrain":[3, 3, 2, 3]
                },
             "127":
                {
                 "terrain":[3, 3, 3, 2]
                },
             "13":
                {
                 "terrain":[2, 2, 3, 2]
                },
             "134":
                {
                 "terrain":[5, 5, -1, 5]
                },
             "135":
                {
                 "terrain":[5, 5, 5, -1]
                },
             "136":
                {
                 "terrain":[3, 4, 3, 4]
                },
             "137":
                {
                 "terrain":[4, 4, 4, 4]
                },
             "138":
                {
                 "terrain":[4, 3, 4, 3]
                },
             "139":
                {
                 "terrain":[3, 0, 3, 3]
                },
             "14":
                {
                 "terrain":[1, 1, 1, 1]
                },
             "140":
                {
                 "terrain":[0, 0, 3, 3]
                },
             "141":
                {
                 "terrain":[0, 3, 3, 3]
                },
             "142":
                {
                 "terrain":[2, 4, 4, 4]
                },
             "143":
                {
                 "terrain":[4, 2, 4, 4]
                },
             "148":
                {
                 "terrain":[-1, -1, -1, 5]
                },
             "149":
                {
                 "terrain":[-1, -1, 5, 5]
                },
             "15":
                {
                 "terrain":[1, 1, 1, 1]
                },
             "150":
                {
                 "terrain":[-1, -1, 5, -1]
                },
             "152":
                {
                 "terrain":[3, 4, 3, 3]
                },
             "153":
                {
                 "terrain":[4, 4, 3, 3]
                },
             "154":
                {
                 "terrain":[4, 3, 3, 3]
                },
             "155":
                {
                 "terrain":[2, 2, 2, 4]
                },
             "156":
                {
                 "terrain":[2, 2, 4, 4]
                },
             "157":
                {
                 "terrain":[2, 2, 4, 2]
                },
             "158":
                {
                 "terrain":[4, 4, 2, 4]
                },
             "159":
                {
                 "terrain":[4, 4, 4, 2]
                },
             "164":
                {
                 "terrain":[-1, 5, -1, 5]
                },
             "165":
                {
                 "terrain":[5, 5, 5, 5]
                },
             "166":
                {
                 "terrain":[5, -1, 5, -1]
                },
             "169":
                {
                 "terrain":[3, 4, 4, 4]
                },
             "170":
                {
                 "terrain":[4, 3, 4, 4]
                },
             "171":
                {
                 "terrain":[2, 4, 2, 4]
                },
             "172":
                {
                 "terrain":[4, 4, 4, 4]
                },
             "173":
                {
                 "terrain":[4, 2, 4, 2]
                },
             "180":
                {
                 "terrain":[-1, 5, -1, -1]
                },
             "181":
                {
                 "terrain":[5, 5, -1, -1]
                },
             "182":
                {
                 "terrain":[5, -1, -1, -1]
                },
             "183":
                {
                 "terrain":[0, 0, 0, 0]
                },
             "184":
                {
                 "terrain":[0, 0, 0, 0]
                },
             "185":
                {
                 "terrain":[4, 4, 3, 4]
                },
             "186":
                {
                 "terrain":[4, 4, 4, 3]
                },
             "187":
                {
                 "terrain":[2, 4, 2, 2]
                },
             "188":
                {
                 "terrain":[4, 4, 2, 2]
                },
             "189":
                {
                 "terrain":[4, 2, 2, 2]
                },
             "199":
                {
                 "terrain":[0, 0, 0, 0]
                },
             "200":
                {
                 "terrain":[0, 0, 0, 0]
                },
             "26":
                {
                 "terrain":[3, 3, 3, 3]
                },
             "27":
                {
                 "terrain":[2, 3, 2, 3]
                },
             "28":
                {
                 "terrain":[3, 3, 3, 3]
                },
             "29":
                {
                 "terrain":[3, 2, 3, 2]
                },
             "30":
                {
                 "terrain":[1, 1, 1, 1]
                },
             "31":
                {
                 "terrain":[1, 1, 1, 1]
                },
             "42":
                {
                 "terrain":[3, 3, 3, 3]
                },
             "43":
                {
                 "terrain":[2, 3, 2, 2]
                },
             "44":
                {
                 "terrain":[3, 3, 2, 2]
                },
             "45":
                {
                 "terrain":[3, 2, 2, 2]
                },
             "46":
                {
                 "terrain":[3, 1, 1, 1]
                },
             "47":
                {
                 "terrain":[1, 3, 1, 1]
                },
             "58":
                {
                 "terrain":[2, 3, 3, 2]
                },
             "59":
                {
                 "terrain":[3, 3, 3, 1]
                },
             "60":
                {
                 "terrain":[3, 3, 1, 1]
                },
             "61":
                {
                 "terrain":[3, 3, 1, 3]
                },
             "62":
                {
                 "terrain":[1, 1, 3, 1]
                },
             "63":
                {
                 "terrain":[1, 1, 1, 3]
                },
             "74":
                {
                 "terrain":[3, 2, 2, 3]
                },
             "75":
                {
                 "terrain":[3, 1, 3, 1]
                },
             "76":
                {
                 "terrain":[1, 1, 1, 1]
                },
             "77":
                {
                 "terrain":[1, 3, 1, 3]
                },
             "78":
                {
                 "terrain":[2, 2, 2, 2]
                },
             "79":
                {
                 "terrain":[2, 2, 2, 2]
                },
             "90":
                {
                 "terrain":[-1, 5, 5, -1]
                },
             "91":
                {
                 "terrain":[3, 1, 3, 3]
                },
             "92":
                {
                 "terrain":[1, 1, 3, 3]
                },
             "93":
                {
                 "terrain":[1, 3, 3, 3]
                },
             "94":
                {
                 "terrain":[2, 2, 2, 2]
                },
             "95":
                {
                 "terrain":[2, 2, 2, 2]
                }
            },
         "tilewidth":32
        }, 
        {
         "firstgid":257,
         "image":"town.png",
         "imageheight":512,
         "imagewidth":512,
         "margin":0,
         "name":"town",
         "properties":
            {

            },
         "spacing":0,
         "tilecount":256,
         "tileheight":32,
         "tileproperties":
            {
             "0":
                {
                 "Block":"false"
                },
             "1":
                {
                 "Block":"false"
                },
             "10":
                {
                 "Block":"false"
                },
             "100":
                {
                 "Block":"false"
                },
             "101":
                {
                 "Block":"false"
                },
             "102":
                {
                 "Block":"true"
                },
             "103":
                {
                 "Block":"true"
                },
             "104":
                {
                 "Block":"true"
                },
             "105":
                {
                 "Block":"false"
                },
             "106":
                {
                 "Block":"false"
                },
             "107":
                {
                 "Block":"false"
                },
             "108":
                {
                 "Block":"true"
                },
             "109":
                {
                 "Block":"true"
                },
             "11":
                {
                 "Block":"true"
                },
             "110":
                {
                 "Block":"true"
                },
             "111":
                {
                 "Block":"true"
                },
             "112":
                {
                 "Block":"true"
                },
             "113":
                {
                 "Block":"true"
                },
             "114":
                {
                 "Block":"true"
                },
             "115":
                {
                 "Block":"true"
                },
             "116":
                {
                 "Block":"false"
                },
             "117":
                {
                 "Block":"false"
                },
             "118":
                {
                 "Block":"true"
                },
             "119":
                {
                 "Block":"false"
                },
             "12":
                {
                 "Block":"true"
                },
             "120":
                {
                 "Block":"true"
                },
             "121":
                {
                 "Block":"true"
                },
             "122":
                {
                 "Block":"true"
                },
             "123":
                {
                 "Block":"false"
                },
             "124":
                {
                 "Block":"true"
                },
             "125":
                {
                 "Block":"true"
                },
             "126":
                {
                 "Block":"true"
                },
             "127":
                {
                 "Block":"true"
                },
             "128":
                {
                 "Block":"true"
                },
             "129":
                {
                 "Block":"true"
                },
             "13":
                {
                 "Block":"false"
                },
             "130":
                {
                 "Block":"true"
                },
             "131":
                {
                 "Block":"true"
                },
             "132":
                {
                 "Block":"true"
                },
             "133":
                {
                 "Block":"true"
                },
             "134":
                {
                 "Block":"true"
                },
             "135":
                {
                 "Block":"true"
                },
             "136":
                {
                 "Block":"true"
                },
             "137":
                {
                 "Block":"true"
                },
             "138":
                {
                 "Block":"true"
                },
             "139":
                {
                 "Block":"true"
                },
             "14":
                {
                 "Block":"false"
                },
             "140":
                {
                 "Block":"true"
                },
             "141":
                {
                 "Block":"false"
                },
             "142":
                {
                 "Block":"false"
                },
             "143":
                {
                 "Block":"true"
                },
             "144":
                {
                 "Block":"true"
                },
             "145":
                {
                 "Block":"true"
                },
             "146":
                {
                 "Block":"true"
                },
             "147":
                {
                 "Block":"true"
                },
             "148":
                {
                 "Block":"true"
                },
             "149":
                {
                 "Block":"true"
                },
             "15":
                {
                 "Block":"false"
                },
             "150":
                {
                 "Block":"true"
                },
             "151":
                {
                 "Block":"true"
                },
             "152":
                {
                 "Block":"true"
                },
             "153":
                {
                 "Block":"true"
                },
             "154":
                {
                 "Block":"true"
                },
             "155":
                {
                 "Block":"true"
                },
             "156":
                {
                 "Block":"true"
                },
             "157":
                {
                 "Block":"false"
                },
             "158":
                {
                 "Block":"false"
                },
             "159":
                {
                 "Block":"true"
                },
             "16":
                {
                 "Block":"true"
                },
             "160":
                {
                 "Block":"true"
                },
             "161":
                {
                 "Block":"true"
                },
             "162":
                {
                 "Block":"true"
                },
             "163":
                {
                 "Block":"true"
                },
             "164":
                {
                 "Block":"true"
                },
             "165":
                {
                 "Block":"true"
                },
             "166":
                {
                 "Block":"true"
                },
             "167":
                {
                 "Block":"true"
                },
             "168":
                {
                 "Block":"true"
                },
             "169":
                {
                 "Block":"true"
                },
             "17":
                {
                 "Block":"true"
                },
             "170":
                {
                 "Block":"true"
                },
             "171":
                {
                 "Block":"true"
                },
             "172":
                {
                 "Block":"false"
                },
             "173":
                {
                 "Block":"false"
                },
             "174":
                {
                 "Block":"false"
                },
             "175":
                {
                 "Block":"false"
                },
             "176":
                {
                 "Block":"true"
                },
             "177":
                {
                 "Block":"true"
                },
             "178":
                {
                 "Block":"true"
                },
             "179":
                {
                 "Block":"true"
                },
             "18":
                {
                 "Block":"true"
                },
             "180":
                {
                 "Block":"true"
                },
             "181":
                {
                 "Block":"true"
                },
             "182":
                {
                 "Block":"true"
                },
             "183":
                {
                 "Block":"true"
                },
             "184":
                {
                 "Block":"true"
                },
             "185":
                {
                 "Block":"true"
                },
             "186":
                {
                 "Block":"true"
                },
             "187":
                {
                 "Block":"true"
                },
             "188":
                {
                 "Block":"false"
                },
             "189":
                {
                 "Block":"false"
                },
             "19":
                {
                 "Block":"true"
                },
             "190":
                {
                 "Block":"false"
                },
             "191":
                {
                 "Block":"false"
                },
             "192":
                {
                 "Block":"true"
                },
             "193":
                {
                 "Block":"true"
                },
             "194":
                {
                 "Block":"true"
                },
             "195":
                {
                 "Block":"true"
                },
             "196":
                {
                 "Block":"true"
                },
             "197":
                {
                 "Block":"true"
                },
             "198":
                {
                 "Block":"true"
                },
             "199":
                {
                 "Block":"false"
                },
             "2":
                {
                 "Block":"false"
                },
             "20":
                {
                 "Block":"true"
                },
             "200":
                {
                 "Block":"true"
                },
             "201":
                {
                 "Block":"true"
                },
             "202":
                {
                 "Block":"true"
                },
             "203":
                {
                 "Block":"true"
                },
             "204":
                {
                 "Block":"false"
                },
             "205":
                {
                 "Block":"false"
                },
             "206":
                {
                 "Block":"false"
                },
             "207":
                {
                 "Block":"false"
                },
             "208":
                {
                 "Block":"true"
                },
             "209":
                {
                 "Block":"true"
                },
             "21":
                {
                 "Block":"true"
                },
             "210":
                {
                 "Block":"true"
                },
             "211":
                {
                 "Block":"true"
                },
             "212":
                {
                 "Block":"false"
                },
             "213":
                {
                 "Block":"true"
                },
             "214":
                {
                 "Block":"true"
                },
             "215":
                {
                 "Block":"false"
                },
             "216":
                {
                 "Block":"true"
                },
             "217":
                {
                 "Block":"true"
                },
             "218":
                {
                 "Block":"true"
                },
             "219":
                {
                 "Block":"true"
                },
             "22":
                {
                 "Block":"true"
                },
             "220":
                {
                 "Block":"false"
                },
             "221":
                {
                 "Block":"false"
                },
             "222":
                {
                 "Block":"false"
                },
             "223":
                {
                 "Block":"false"
                },
             "224":
                {
                 "Block":"true"
                },
             "225":
                {
                 "Block":"true"
                },
             "226":
                {
                 "Block":"true"
                },
             "227":
                {
                 "Block":"true"
                },
             "228":
                {
                 "Block":"false"
                },
             "229":
                {
                 "Block":"false"
                },
             "23":
                {
                 "Block":"true"
                },
             "230":
                {
                 "Block":"true"
                },
             "231":
                {
                 "Block":"true"
                },
             "232":
                {
                 "Block":"true"
                },
             "233":
                {
                 "Block":"true"
                },
             "234":
                {
                 "Block":"false"
                },
             "235":
                {
                 "Block":"true"
                },
             "236":
                {
                 "Block":"false"
                },
             "237":
                {
                 "Block":"true"
                },
             "238":
                {
                 "Block":"true"
                },
             "239":
                {
                 "Block":"true"
                },
             "24":
                {
                 "Block":"true"
                },
             "240":
                {
                 "Block":"true"
                },
             "241":
                {
                 "Block":"true"
                },
             "242":
                {
                 "Block":"true"
                },
             "243":
                {
                 "Block":"true"
                },
             "244":
                {
                 "Block":"true"
                },
             "245":
                {
                 "Block":"true"
                },
             "246":
                {
                 "Block":"true"
                },
             "247":
                {
                 "Block":"true"
                },
             "248":
                {
                 "Block":"true"
                },
             "249":
                {
                 "Block":"true"
                },
             "25":
                {
                 "Block":"true"
                },
             "250":
                {
                 "Block":"true"
                },
             "251":
                {
                 "Block":"true"
                },
             "252":
                {
                 "Block":"true"
                },
             "253":
                {
                 "Block":"true"
                },
             "254":
                {
                 "Block":"true"
                },
             "255":
                {
                 "Block":"true"
                },
             "26":
                {
                 "Block":"true"
                },
             "27":
                {
                 "Block":"true"
                },
             "28":
                {
                 "Block":"true"
                },
             "29":
                {
                 "Block":"true"
                },
             "3":
                {
                 "Block":"false"
                },
             "30":
                {
                 "Block":"true"
                },
             "31":
                {
                 "Block":"true"
                },
             "32":
                {
                 "Block":"true"
                },
             "33":
                {
                 "Block":"true"
                },
             "34":
                {
                 "Block":"true"
                },
             "35":
                {
                 "Block":"true"
                },
             "36":
                {
                 "Block":"true"
                },
             "37":
                {
                 "Block":"true"
                },
             "38":
                {
                 "Block":"true"
                },
             "39":
                {
                 "Block":"true"
                },
             "4":
                {
                 "Block":"false"
                },
             "40":
                {
                 "Block":"true"
                },
             "41":
                {
                 "Block":"true"
                },
             "42":
                {
                 "Block":"true"
                },
             "43":
                {
                 "Block":"true"
                },
             "44":
                {
                 "Block":"true"
                },
             "45":
                {
                 "Block":"true"
                },
             "46":
                {
                 "Block":"true"
                },
             "47":
                {
                 "Block":"true"
                },
             "48":
                {
                 "Block":"true"
                },
             "49":
                {
                 "Block":"true"
                },
             "5":
                {
                 "Block":"true"
                },
             "50":
                {
                 "Block":"true"
                },
             "51":
                {
                 "Block":"true"
                },
             "52":
                {
                 "Block":"true"
                },
             "53":
                {
                 "Block":"true"
                },
             "54":
                {
                 "Block":"true"
                },
             "55":
                {
                 "Block":"true"
                },
             "56":
                {
                 "Block":"true"
                },
             "57":
                {
                 "Block":"true"
                },
             "58":
                {
                 "Block":"true"
                },
             "59":
                {
                 "Block":"true"
                },
             "6":
                {
                 "Block":"true"
                },
             "60":
                {
                 "Block":"true"
                },
             "61":
                {
                 "Block":"true"
                },
             "62":
                {
                 "Block":"true"
                },
             "63":
                {
                 "Block":"true"
                },
             "64":
                {
                 "Block":"true"
                },
             "65":
                {
                 "Block":"true"
                },
             "66":
                {
                 "Block":"true"
                },
             "67":
                {
                 "Block":"false"
                },
             "68":
                {
                 "Block":"true"
                },
             "69":
                {
                 "Block":"true"
                },
             "7":
                {
                 "Block":"true"
                },
             "70":
                {
                 "Block":"true"
                },
             "71":
                {
                 "Block":"true"
                },
             "72":
                {
                 "Block":"true"
                },
             "73":
                {
                 "Block":"true"
                },
             "74":
                {
                 "Block":"true"
                },
             "75":
                {
                 "Block":"true"
                },
             "76":
                {
                 "Block":"true"
                },
             "77":
                {
                 "Block":"true"
                },
             "78":
                {
                 "Block":"true"
                },
             "79":
                {
                 "Block":"true"
                },
             "8":
                {
                 "Block":"false"
                },
             "80":
                {
                 "Block":"true"
                },
             "81":
                {
                 "Block":"true"
                },
             "82":
                {
                 "Block":"true"
                },
             "83":
                {
                 "Block":"true"
                },
             "84":
                {
                 "Block":"true"
                },
             "85":
                {
                 "Block":"true"
                },
             "86":
                {
                 "Block":"true"
                },
             "87":
                {
                 "Block":"true"
                },
             "88":
                {
                 "Block":"true"
                },
             "89":
                {
                 "Block":"true"
                },
             "9":
                {
                 "Block":"false"
                },
             "90":
                {
                 "Block":"true"
                },
             "91":
                {
                 "Block":"true"
                },
             "92":
                {
                 "Block":"true"
                },
             "93":
                {
                 "Block":"true"
                },
             "94":
                {
                 "Block":"true"
                },
             "95":
                {
                 "Block":"true"
                },
             "96":
                {
                 "Block":"true"
                },
             "97":
                {
                 "Block":"true"
                },
             "98":
                {
                 "Block":"true"
                },
             "99":
                {
                 "Block":"true"
                }
            },
         "tilewidth":32
        }, 
        {
         "firstgid":513,
         "image":"trees_plants_rocks.png",
         "imageheight":512,
         "imagewidth":512,
         "margin":0,
         "name":"trees_plants_rocks",
         "properties":
            {

            },
         "spacing":0,
         "tilecount":256,
         "tileheight":32,
         "tileproperties":
            {
             "0":
                {
                 "Block":"true"
                },
             "1":
                {
                 "Block":"true"
                },
             "10":
                {
                 "Block":"true"
                },
             "100":
                {
                 "Block":"true"
                },
             "101":
                {
                 "Block":"true"
                },
             "102":
                {
                 "Block":"true"
                },
             "103":
                {
                 "Block":"true"
                },
             "104":
                {
                 "Block":"true"
                },
             "105":
                {
                 "Block":"true"
                },
             "106":
                {
                 "Block":"true"
                },
             "107":
                {
                 "Block":"true"
                },
             "108":
                {
                 "Block":"true"
                },
             "109":
                {
                 "Block":"true"
                },
             "11":
                {
                 "Block":"true"
                },
             "110":
                {
                 "Block":"true"
                },
             "111":
                {
                 "Block":"true"
                },
             "112":
                {
                 "Block":"true"
                },
             "113":
                {
                 "Block":"true"
                },
             "114":
                {
                 "Block":"true"
                },
             "115":
                {
                 "Block":"true"
                },
             "116":
                {
                 "Block":"true"
                },
             "117":
                {
                 "Block":"true"
                },
             "118":
                {
                 "Block":"true"
                },
             "119":
                {
                 "Block":"true"
                },
             "12":
                {
                 "Block":"true"
                },
             "120":
                {
                 "Block":"true"
                },
             "121":
                {
                 "Block":"true"
                },
             "122":
                {
                 "Block":"true"
                },
             "123":
                {
                 "Block":"true"
                },
             "124":
                {
                 "Block":"true"
                },
             "125":
                {
                 "Block":"true"
                },
             "126":
                {
                 "Block":"true"
                },
             "127":
                {
                 "Block":"true"
                },
             "128":
                {
                 "Block":"true"
                },
             "129":
                {
                 "Block":"true"
                },
             "13":
                {
                 "Block":"true"
                },
             "130":
                {
                 "Block":"true"
                },
             "131":
                {
                 "Block":"true"
                },
             "132":
                {
                 "Block":"true"
                },
             "133":
                {
                 "Block":"true"
                },
             "134":
                {
                 "Block":"true"
                },
             "135":
                {
                 "Block":"true"
                },
             "136":
                {
                 "Block":"true"
                },
             "137":
                {
                 "Block":"true"
                },
             "138":
                {
                 "Block":"true"
                },
             "139":
                {
                 "Block":"true"
                },
             "14":
                {
                 "Block":"true"
                },
             "140":
                {
                 "Block":"true"
                },
             "141":
                {
                 "Block":"true"
                },
             "142":
                {
                 "Block":"true"
                },
             "143":
                {
                 "Block":"true"
                },
             "144":
                {
                 "Block":"true"
                },
             "145":
                {
                 "Block":"true"
                },
             "146":
                {
                 "Block":"true"
                },
             "147":
                {
                 "Block":"true"
                },
             "148":
                {
                 "Block":"true"
                },
             "149":
                {
                 "Block":"true"
                },
             "15":
                {
                 "Block":"true"
                },
             "150":
                {
                 "Block":"true"
                },
             "151":
                {
                 "Block":"true"
                },
             "152":
                {
                 "Block":"true"
                },
             "153":
                {
                 "Block":"true"
                },
             "154":
                {
                 "Block":"true"
                },
             "155":
                {
                 "Block":"true"
                },
             "156":
                {
                 "Block":"true"
                },
             "157":
                {
                 "Block":"true"
                },
             "158":
                {
                 "Block":"true"
                },
             "159":
                {
                 "Block":"true"
                },
             "16":
                {
                 "Block":"true"
                },
             "160":
                {
                 "Block":"true"
                },
             "161":
                {
                 "Block":"true"
                },
             "162":
                {
                 "Block":"true"
                },
             "163":
                {
                 "Block":"true"
                },
             "164":
                {
                 "Block":"true"
                },
             "165":
                {
                 "Block":"true"
                },
             "166":
                {
                 "Block":"true"
                },
             "167":
                {
                 "Block":"true"
                },
             "168":
                {
                 "Block":"true"
                },
             "169":
                {
                 "Block":"true"
                },
             "17":
                {
                 "Block":"true"
                },
             "170":
                {
                 "Block":"true"
                },
             "171":
                {
                 "Block":"true"
                },
             "172":
                {
                 "Block":"true"
                },
             "173":
                {
                 "Block":"true"
                },
             "174":
                {
                 "Block":"true"
                },
             "175":
                {
                 "Block":"true"
                },
             "176":
                {
                 "Block":"true"
                },
             "177":
                {
                 "Block":"true"
                },
             "178":
                {
                 "Block":"true"
                },
             "179":
                {
                 "Block":"true"
                },
             "18":
                {
                 "Block":"true"
                },
             "180":
                {
                 "Block":"true"
                },
             "181":
                {
                 "Block":"true"
                },
             "182":
                {
                 "Block":"true"
                },
             "183":
                {
                 "Block":"true"
                },
             "184":
                {
                 "Block":"true"
                },
             "185":
                {
                 "Block":"true"
                },
             "186":
                {
                 "Block":"true"
                },
             "187":
                {
                 "Block":"true"
                },
             "188":
                {
                 "Block":"true"
                },
             "189":
                {
                 "Block":"true"
                },
             "19":
                {
                 "Block":"true"
                },
             "190":
                {
                 "Block":"true"
                },
             "191":
                {
                 "Block":"true"
                },
             "192":
                {
                 "Block":"true"
                },
             "193":
                {
                 "Block":"true"
                },
             "194":
                {
                 "Block":"true"
                },
             "195":
                {
                 "Block":"true"
                },
             "196":
                {
                 "Block":"false"
                },
             "197":
                {
                 "Block":"false"
                },
             "198":
                {
                 "Block":"true"
                },
             "199":
                {
                 "Block":"true"
                },
             "2":
                {
                 "Block":"true"
                },
             "20":
                {
                 "Block":"true"
                },
             "200":
                {
                 "Block":"true"
                },
             "201":
                {
                 "Block":"true"
                },
             "202":
                {
                 "Block":"true"
                },
             "203":
                {
                 "Block":"true"
                },
             "204":
                {
                 "Block":"true"
                },
             "205":
                {
                 "Block":"true"
                },
             "206":
                {
                 "Block":"true"
                },
             "207":
                {
                 "Block":"true"
                },
             "208":
                {
                 "Block":"true"
                },
             "209":
                {
                 "Block":"true"
                },
             "21":
                {
                 "Block":"true"
                },
             "210":
                {
                 "Block":"true"
                },
             "211":
                {
                 "Block":"true"
                },
             "212":
                {
                 "Block":"false"
                },
             "213":
                {
                 "Block":"false"
                },
             "214":
                {
                 "Block":"true"
                },
             "215":
                {
                 "Block":"true"
                },
             "216":
                {
                 "Block":"true"
                },
             "217":
                {
                 "Block":"true"
                },
             "218":
                {
                 "Block":"true"
                },
             "219":
                {
                 "Block":"true"
                },
             "22":
                {
                 "Block":"true"
                },
             "220":
                {
                 "Block":"true"
                },
             "221":
                {
                 "Block":"true"
                },
             "222":
                {
                 "Block":"true"
                },
             "223":
                {
                 "Block":"true"
                },
             "224":
                {
                 "Block":"true"
                },
             "225":
                {
                 "Block":"true"
                },
             "226":
                {
                 "Block":"true"
                },
             "227":
                {
                 "Block":"true"
                },
             "228":
                {
                 "Block":"false"
                },
             "229":
                {
                 "Block":"false"
                },
             "23":
                {
                 "Block":"true"
                },
             "230":
                {
                 "Block":"true"
                },
             "231":
                {
                 "Block":"true"
                },
             "232":
                {
                 "Block":"true"
                },
             "233":
                {
                 "Block":"true"
                },
             "234":
                {
                 "Block":"true"
                },
             "235":
                {
                 "Block":"true"
                },
             "236":
                {
                 "Block":"true"
                },
             "237":
                {
                 "Block":"true"
                },
             "238":
                {
                 "Block":"true"
                },
             "239":
                {
                 "Block":"true"
                },
             "24":
                {
                 "Block":"true"
                },
             "240":
                {
                 "Block":"true"
                },
             "241":
                {
                 "Block":"true"
                },
             "242":
                {
                 "Block":"true"
                },
             "243":
                {
                 "Block":"true"
                },
             "244":
                {
                 "Block":"true"
                },
             "245":
                {
                 "Block":"true"
                },
             "246":
                {
                 "Block":"true"
                },
             "247":
                {
                 "Block":"true"
                },
             "248":
                {
                 "Block":"true"
                },
             "249":
                {
                 "Block":"true"
                },
             "25":
                {
                 "Block":"true"
                },
             "250":
                {
                 "Block":"true"
                },
             "251":
                {
                 "Block":"true"
                },
             "252":
                {
                 "Block":"true"
                },
             "253":
                {
                 "Block":"true"
                },
             "254":
                {
                 "Block":"true"
                },
             "255":
                {
                 "Block":"true"
                },
             "26":
                {
                 "Block":"true"
                },
             "27":
                {
                 "Block":"true"
                },
             "28":
                {
                 "Block":"true"
                },
             "29":
                {
                 "Block":"true"
                },
             "3":
                {
                 "Block":"true"
                },
             "30":
                {
                 "Block":"true"
                },
             "31":
                {
                 "Block":"true"
                },
             "32":
                {
                 "Block":"true"
                },
             "33":
                {
                 "Block":"true"
                },
             "34":
                {
                 "Block":"true"
                },
             "35":
                {
                 "Block":"true"
                },
             "36":
                {
                 "Block":"true"
                },
             "37":
                {
                 "Block":"true"
                },
             "38":
                {
                 "Block":"true"
                },
             "39":
                {
                 "Block":"true"
                },
             "4":
                {
                 "Block":"true"
                },
             "40":
                {
                 "Block":"true"
                },
             "41":
                {
                 "Block":"true"
                },
             "42":
                {
                 "Block":"true"
                },
             "43":
                {
                 "Block":"true"
                },
             "44":
                {
                 "Block":"true"
                },
             "45":
                {
                 "Block":"true"
                },
             "46":
                {
                 "Block":"true"
                },
             "47":
                {
                 "Block":"true"
                },
             "48":
                {
                 "Block":"true"
                },
             "49":
                {
                 "Block":"true"
                },
             "5":
                {
                 "Block":"true"
                },
             "50":
                {
                 "Block":"true"
                },
             "51":
                {
                 "Block":"true"
                },
             "52":
                {
                 "Block":"true"
                },
             "53":
                {
                 "Block":"true"
                },
             "54":
                {
                 "Block":"true"
                },
             "55":
                {
                 "Block":"true"
                },
             "56":
                {
                 "Block":"true"
                },
             "57":
                {
                 "Block":"true"
                },
             "58":
                {
                 "Block":"true"
                },
             "59":
                {
                 "Block":"true"
                },
             "6":
                {
                 "Block":"true"
                },
             "60":
                {
                 "Block":"true"
                },
             "61":
                {
                 "Block":"true"
                },
             "62":
                {
                 "Block":"true"
                },
             "63":
                {
                 "Block":"true"
                },
             "64":
                {
                 "Block":"true"
                },
             "65":
                {
                 "Block":"true"
                },
             "66":
                {
                 "Block":"true"
                },
             "67":
                {
                 "Block":"true"
                },
             "68":
                {
                 "Block":"true"
                },
             "69":
                {
                 "Block":"true"
                },
             "7":
                {
                 "Block":"true"
                },
             "70":
                {
                 "Block":"true"
                },
             "71":
                {
                 "Block":"true"
                },
             "72":
                {
                 "Block":"true"
                },
             "73":
                {
                 "Block":"true"
                },
             "74":
                {
                 "Block":"true"
                },
             "75":
                {
                 "Block":"true"
                },
             "76":
                {
                 "Block":"true"
                },
             "77":
                {
                 "Block":"true"
                },
             "78":
                {
                 "Block":"true"
                },
             "79":
                {
                 "Block":"true"
                },
             "8":
                {
                 "Block":"true"
                },
             "80":
                {
                 "Block":"true"
                },
             "81":
                {
                 "Block":"true"
                },
             "82":
                {
                 "Block":"true"
                },
             "83":
                {
                 "Block":"true"
                },
             "84":
                {
                 "Block":"true"
                },
             "85":
                {
                 "Block":"true"
                },
             "86":
                {
                 "Block":"true"
                },
             "87":
                {
                 "Block":"true"
                },
             "88":
                {
                 "Block":"true"
                },
             "89":
                {
                 "Block":"true"
                },
             "9":
                {
                 "Block":"true"
                },
             "90":
                {
                 "Block":"true"
                },
             "91":
                {
                 "Block":"true"
                },
             "92":
                {
                 "Block":"true"
                },
             "93":
                {
                 "Block":"true"
                },
             "94":
                {
                 "Block":"true"
                },
             "95":
                {
                 "Block":"true"
                },
             "96":
                {
                 "Block":"true"
                },
             "97":
                {
                 "Block":"true"
                },
             "98":
                {
                 "Block":"true"
                },
             "99":
                {
                 "Block":"true"
                }
            },
         "tilewidth":32
        }],
 "tilewidth":32,
 "version":1,
 "width":10
}